Meteorological Variable,Correlation Coefficient
Temperature,0.5761231477141566
Heat Index,0.30457907548311636
Pressure,0.14000843338356422
Humidity,0.12306174670392314
Wind Speed,0.06469183527452123
