City,Total Energy
Dallas,3.8973299999999997
San Antonio,2.104237
Houston,2.0987869999999997
